avg_packet_length,burstiness,conn_count,dst_ip,dst_is_private,dst_port,has_payload,is_icmp,is_tcp,is_udp,packet_length,protocol_name,protocol_number,src_ip,src_is_private,src_port,tcp_flags,timestamp,ttl
4374.0,1,1,192.168.0.107,1,52679,1,0,1,0,4374,TCP,6,13.225.5.8,0,443,A,2026-03-22T12:46:50,248
2214.0,2,1,13.225.5.8,0,443,0,0,1,0,54,TCP,6,192.168.0.107,1,52679,A,2026-03-22T12:46:50,128
1685.0,3,2,192.168.0.107,1,52679,1,0,1,0,627,TCP,6,13.225.5.8,0,443,PA,2026-03-22T12:46:50,248
2717.25,4,3,192.168.0.107,1,52679,1,0,1,0,5814,TCP,6,13.225.5.8,0,443,A,2026-03-22T12:46:50,248
2187.0,5,2,13.225.5.8,0,443,0,0,1,0,66,TCP,6,192.168.0.107,1,52679,A,2026-03-22T12:46:50,128
1833.5,6,3,13.225.5.8,0,443,0,0,1,0,66,TCP,6,192.168.0.107,1,52679,A,2026-03-22T12:46:50,128
1990.71,7,4,192.168.0.107,1,52679,1,0,1,0,2934,TCP,6,13.225.5.8,0,443,A,2026-03-22T12:46:50,248
1750.12,8,4,13.225.5.8,0,443,0,0,1,0,66,TCP,6,192.168.0.107,1,52679,A,2026-03-22T12:46:50,128
1881.67,9,5,192.168.0.107,1,52679,1,0,1,0,2934,TCP,6,13.225.5.8,0,443,A,2026-03-22T12:46:50,248
1758.2,10,6,192.168.0.107,1,52679,1,0,1,0,647,TCP,6,13.225.5.8,0,443,PA,2026-03-22T12:46:50,248
1603.91,11,7,192.168.0.107,1,52679,1,0,1,0,61,TCP,6,13.225.5.8,0,443,PA,2026-03-22T12:46:50,248
1474.75,12,5,13.225.5.8,0,443,0,0,1,0,54,TCP,6,192.168.0.107,1,52679,A,2026-03-22T12:46:50,128
1366.38,13,6,13.225.5.8,0,443,0,0,1,0,66,TCP,6,192.168.0.107,1,52679,A,2026-03-22T12:46:50,128
1581.21,14,8,192.168.0.107,1,52679,1,0,1,0,4374,TCP,6,13.225.5.8,0,443,A,2026-03-22T12:46:50,248
1480.2,15,7,13.225.5.8,0,443,0,0,1,0,66,TCP,6,192.168.0.107,1,52679,A,2026-03-22T12:46:50,128
1481.06,16,9,192.168.0.107,1,52679,1,0,1,0,1494,TCP,6,13.225.5.8,0,443,A,2026-03-22T12:46:50,248
1399.12,17,10,192.168.0.107,1,52679,1,0,1,0,88,TCP,6,13.225.5.8,0,443,PA,2026-03-22T12:46:50,248
1324.39,18,8,13.225.5.8,0,443,0,0,1,0,54,TCP,6,192.168.0.107,1,52679,A,2026-03-22T12:46:50,128
1272.89,19,9,13.225.5.8,0,443,1,0,1,0,346,TCP,6,192.168.0.107,1,52679,PA,2026-03-22T12:46:50,128
1212.55,20,10,13.225.5.8,0,443,0,0,1,0,66,TCP,6,192.168.0.107,1,52682,S,2026-03-22T12:46:50,128
1157.67,21,11,192.168.0.107,1,52679,0,0,1,0,60,TCP,6,13.225.5.8,0,443,A,2026-03-22T12:46:50,248
1108.05,22,12,192.168.0.107,1,52682,0,0,1,0,66,TCP,6,13.225.5.8,0,443,SA,2026-03-22T12:46:50,248
1062.22,23,11,13.225.5.8,0,443,0,0,1,0,54,TCP,6,192.168.0.107,1,52682,A,2026-03-22T12:46:50,128
1027.25,24,12,13.225.5.8,0,443,1,0,1,0,223,TCP,6,192.168.0.107,1,52682,PA,2026-03-22T12:46:50,128
988.56,25,13,192.168.0.107,1,52682,0,0,1,0,60,TCP,6,13.225.5.8,0,443,A,2026-03-22T12:46:50,248
1008.0,26,14,192.168.0.107,1,52682,1,0,1,0,1494,TCP,6,13.225.5.8,0,443,PA,2026-03-22T12:46:50,248
973.11,27,13,13.225.5.8,0,443,0,0,1,0,66,TCP,6,192.168.0.107,1,52682,A,2026-03-22T12:46:50,128
991.71,28,15,192.168.0.107,1,52682,1,0,1,0,1494,TCP,6,13.225.5.8,0,443,A,2026-03-22T12:46:50,248
959.38,29,14,13.225.5.8,0,443,0,0,1,0,54,TCP,6,192.168.0.107,1,52682,A,2026-03-22T12:46:50,128
973.67,30,16,192.168.0.107,1,52682,1,0,1,0,1388,TCP,6,13.225.5.8,0,443,PA,2026-03-22T12:46:50,248
947.0,31,15,13.225.5.8,0,443,1,0,1,0,147,TCP,6,192.168.0.107,1,52682,PA,2026-03-22T12:46:50,128
925.47,32,17,192.168.0.107,1,52682,1,0,1,0,258,TCP,6,13.225.5.8,0,443,PA,2026-03-22T12:46:50,248
899.24,33,18,192.168.0.107,1,52682,0,0,1,0,60,TCP,6,13.225.5.8,0,443,A,2026-03-22T12:46:50,248
874.38,34,16,13.225.5.8,0,443,0,0,1,0,54,TCP,6,192.168.0.107,1,52682,A,2026-03-22T12:46:50,128
851.43,35,1,23.217.111.99,0,443,1,0,0,1,71,UDP,17,192.168.0.107,1,65490,,2026-03-22T12:46:50,128
829.31,36,1,150.171.27.11,0,443,1,0,1,0,55,TCP,6,192.168.0.107,1,63048,A,2026-03-22T12:46:50,128
809.65,37,1,192.168.0.107,1,62674,1,0,1,0,102,TCP,6,216.239.36.223,0,443,PA,2026-03-22T12:46:50,122
826.92,38,1,216.239.36.223,0,443,1,0,1,0,1466,TCP,6,192.168.0.107,1,62674,A,2026-03-22T12:46:50,128
843.31,39,2,216.239.36.223,0,443,1,0,1,0,1466,TCP,6,192.168.0.107,1,62674,A,2026-03-22T12:46:50,128
858.88,40,3,216.239.36.223,0,443,1,0,1,0,1466,TCP,6,192.168.0.107,1,62674,A,2026-03-22T12:46:50,128
873.68,41,4,216.239.36.223,0,443,1,0,1,0,1466,TCP,6,192.168.0.107,1,62674,A,2026-03-22T12:46:50,128
887.79,42,5,216.239.36.223,0,443,1,0,1,0,1466,TCP,6,192.168.0.107,1,62674,A,2026-03-22T12:46:50,128
901.23,43,6,216.239.36.223,0,443,1,0,1,0,1466,TCP,6,192.168.0.107,1,62674,A,2026-03-22T12:46:50,128
914.07,44,7,216.239.36.223,0,443,1,0,1,0,1466,TCP,6,192.168.0.107,1,62674,A,2026-03-22T12:46:50,128
926.33,45,8,216.239.36.223,0,443,1,0,1,0,1466,TCP,6,192.168.0.107,1,62674,A,2026-03-22T12:46:50,128
938.07,46,9,216.239.36.223,0,443,1,0,1,0,1466,TCP,6,192.168.0.107,1,62674,A,2026-03-22T12:46:50,128
949.3,47,10,216.239.36.223,0,443,1,0,1,0,1466,TCP,6,192.168.0.107,1,62674,A,2026-03-22T12:46:50,128
960.06,48,11,216.239.36.223,0,443,1,0,1,0,1466,TCP,6,192.168.0.107,1,62674,A,2026-03-22T12:46:50,128
959.41,49,12,216.239.36.223,0,443,1,0,1,0,928,TCP,6,192.168.0.107,1,62674,PA,2026-03-22T12:46:50,128
941.92,50,13,216.239.36.223,0,443,1,0,1,0,85,TCP,6,192.168.0.107,1,62674,PA,2026-03-22T12:46:50,128
952.2,51,14,216.239.36.223,0,443,1,0,1,0,1466,TCP,6,192.168.0.107,1,62674,A,2026-03-22T12:46:50,128
962.08,52,15,216.239.36.223,0,443,1,0,1,0,1466,TCP,6,192.168.0.107,1,62674,A,2026-03-22T12:46:50,128
971.58,53,16,216.239.36.223,0,443,1,0,1,0,1466,TCP,6,192.168.0.107,1,62674,A,2026-03-22T12:46:50,128
980.74,54,17,216.239.36.223,0,443,1,0,1,0,1466,TCP,6,192.168.0.107,1,62674,A,2026-03-22T12:46:50,128
989.56,55,18,216.239.36.223,0,443,1,0,1,0,1466,TCP,6,192.168.0.107,1,62674,A,2026-03-22T12:46:50,128
998.07,56,19,216.239.36.223,0,443,1,0,1,0,1466,TCP,6,192.168.0.107,1,62674,A,2026-03-22T12:46:50,128
1006.28,57,20,216.239.36.223,0,443,1,0,1,0,1466,TCP,6,192.168.0.107,1,62674,A,2026-03-22T12:46:50,128
1014.21,58,21,216.239.36.223,0,443,1,0,1,0,1466,TCP,6,192.168.0.107,1,62674,A,2026-03-22T12:46:50,128
1021.86,59,22,216.239.36.223,0,443,1,0,1,0,1466,TCP,6,192.168.0.107,1,62674,A,2026-03-22T12:46:50,128
1029.27,60,23,216.239.36.223,0,443,1,0,1,0,1466,TCP,6,192.168.0.107,1,62674,A,2026-03-22T12:46:50,128
1036.43,61,24,216.239.36.223,0,443,1,0,1,0,1466,TCP,6,192.168.0.107,1,62674,A,2026-03-22T12:46:50,128
1034.68,62,25,216.239.36.223,0,443,1,0,1,0,928,TCP,6,192.168.0.107,1,62674,PA,2026-03-22T12:46:50,128
1019.6,63,26,216.239.36.223,0,443,1,0,1,0,85,TCP,6,192.168.0.107,1,62674,PA,2026-03-22T12:46:50,128
1004.7,64,1,192.168.0.107,1,63048,0,0,1,0,66,TCP,6,150.171.27.11,0,443,A,2026-03-22T12:46:50,119
990.17,65,2,192.168.0.107,1,62674,0,0,1,0,60,TCP,6,216.239.36.223,0,443,A,2026-03-22T12:46:50,122
976.08,66,3,192.168.0.107,1,62674,0,0,1,0,60,TCP,6,216.239.36.223,0,443,A,2026-03-22T12:46:50,122
962.4,67,4,192.168.0.107,1,62674,0,0,1,0,60,TCP,6,216.239.36.223,0,443,A,2026-03-22T12:46:50,122
949.13,68,5,192.168.0.107,1,62674,0,0,1,0,60,TCP,6,216.239.36.223,0,443,A,2026-03-22T12:46:50,122
936.25,69,6,192.168.0.107,1,62674,0,0,1,0,60,TCP,6,216.239.36.223,0,443,A,2026-03-22T12:46:50,122
923.73,70,7,192.168.0.107,1,62674,0,0,1,0,60,TCP,6,216.239.36.223,0,443,A,2026-03-22T12:46:50,122
911.56,71,8,192.168.0.107,1,62674,0,0,1,0,60,TCP,6,216.239.36.223,0,443,A,2026-03-22T12:46:50,122
899.74,72,9,192.168.0.107,1,62674,0,0,1,0,60,TCP,6,216.239.36.223,0,443,A,2026-03-22T12:46:50,122
888.23,73,10,192.168.0.107,1,62674,0,0,1,0,60,TCP,6,216.239.36.223,0,443,A,2026-03-22T12:46:50,122
877.04,74,11,192.168.0.107,1,62674,0,0,1,0,60,TCP,6,216.239.36.223,0,443,A,2026-03-22T12:46:50,122
866.15,75,12,192.168.0.107,1,62674,0,0,1,0,60,TCP,6,216.239.36.223,0,443,A,2026-03-22T12:46:50,122
855.54,76,13,192.168.0.107,1,62674,0,0,1,0,60,TCP,6,216.239.36.223,0,443,A,2026-03-22T12:46:50,122
845.21,77,14,192.168.0.107,1,62674,0,0,1,0,60,TCP,6,216.239.36.223,0,443,A,2026-03-22T12:46:50,122
835.14,78,15,192.168.0.107,1,62674,0,0,1,0,60,TCP,6,216.239.36.223,0,443,A,2026-03-22T12:46:50,122
825.33,79,16,192.168.0.107,1,62674,0,0,1,0,60,TCP,6,216.239.36.223,0,443,A,2026-03-22T12:46:50,122
815.76,80,17,192.168.0.107,1,62674,0,0,1,0,60,TCP,6,216.239.36.223,0,443,A,2026-03-22T12:46:50,122
806.43,81,18,192.168.0.107,1,62674,0,0,1,0,60,TCP,6,216.239.36.223,0,443,A,2026-03-22T12:46:50,122
797.33,82,19,192.168.0.107,1,62674,0,0,1,0,60,TCP,6,216.239.36.223,0,443,A,2026-03-22T12:46:50,122
788.45,83,20,192.168.0.107,1,62674,0,0,1,0,60,TCP,6,216.239.36.223,0,443,A,2026-03-22T12:46:50,122
779.77,84,21,192.168.0.107,1,62674,0,0,1,0,60,TCP,6,216.239.36.223,0,443,A,2026-03-22T12:46:50,122
771.44,85,2,23.217.111.99,0,443,1,0,0,1,71,UDP,17,192.168.0.107,1,65490,,2026-03-22T12:46:50,128
763.24,86,1,192.168.0.107,1,65490,1,0,0,1,67,UDP,17,23.217.111.99,0,443,,2026-03-22T12:46:50,54
755.25,87,2,192.168.0.107,1,65490,1,0,0,1,68,UDP,17,23.217.111.99,0,443,,2026-03-22T12:46:50,54
759.94,88,19,192.168.0.107,1,52679,1,0,1,0,1168,TCP,6,13.225.5.8,0,443,PA,2026-03-22T12:46:50,248
755.64,89,17,13.225.5.8,0,443,1,0,1,0,377,TCP,6,192.168.0.107,1,52679,PA,2026-03-22T12:46:50,128
747.91,90,20,192.168.0.107,1,52679,0,0,1,0,60,TCP,6,13.225.5.8,0,443,A,2026-03-22T12:46:50,248
740.49,91,1,192.168.0.107,1,61196,1,0,0,1,73,UDP,17,23.217.111.96,0,443,,2026-03-22T12:46:50,54
733.25,92,1,23.217.111.96,0,443,1,0,0,1,74,UDP,17,192.168.0.107,1,61196,,2026-03-22T12:46:50,128
726.46,93,22,192.168.0.107,1,62674,1,0,1,0,102,TCP,6,216.239.36.223,0,443,PA,2026-03-22T12:46:51,122
734.33,94,27,216.239.36.223,0,443,1,0,1,0,1466,TCP,6,192.168.0.107,1,62674,A,2026-03-22T12:46:51,128
742.03,95,28,216.239.36.223,0,443,1,0,1,0,1466,TCP,6,192.168.0.107,1,62674,A,2026-03-22T12:46:51,128
749.57,96,29,216.239.36.223,0,443,1,0,1,0,1466,TCP,6,192.168.0.107,1,62674,A,2026-03-22T12:46:51,128
756.96,97,30,216.239.36.223,0,443,1,0,1,0,1466,TCP,6,192.168.0.107,1,62674,A,2026-03-22T12:46:51,128
764.19,98,31,216.239.36.223,0,443,1,0,1,0,1466,TCP,6,192.168.0.107,1,62674,A,2026-03-22T12:46:51,128
771.28,99,32,216.239.36.223,0,443,1,0,1,0,1466,TCP,6,192.168.0.107,1,62674,A,2026-03-22T12:46:51,128
778.23,100,33,216.239.36.223,0,443,1,0,1,0,1466,TCP,6,192.168.0.107,1,62674,A,2026-03-22T12:46:51,128
356.0,1,1,239.255.255.250,0,1900,1,0,0,1,356,UDP,17,192.168.0.100,1,33110,,2026-03-22T12:49:27,4
355.0,2,2,239.255.255.250,0,1900,1,0,0,1,354,UDP,17,192.168.0.100,1,33110,,2026-03-22T12:49:27,4
255.0,3,1,104.18.40.45,0,443,1,0,1,0,55,TCP,6,192.168.0.107,1,19063,A,2026-03-22T12:49:27,128
207.75,4,1,192.168.0.107,1,19063,0,0,1,0,66,TCP,6,104.18.40.45,0,443,A,2026-03-22T12:49:27,57
186.6,5,1,192.168.0.107,1,62674,1,0,1,0,102,TCP,6,216.239.36.223,0,443,PA,2026-03-22T12:49:27,122
399.83,6,1,216.239.36.223,0,443,1,0,1,0,1466,TCP,6,192.168.0.107,1,62674,A,2026-03-22T12:49:27,128
552.14,7,2,216.239.36.223,0,443,1,0,1,0,1466,TCP,6,192.168.0.107,1,62674,A,2026-03-22T12:49:27,128
666.38,8,3,216.239.36.223,0,443,1,0,1,0,1466,TCP,6,192.168.0.107,1,62674,A,2026-03-22T12:49:27,128
755.22,9,4,216.239.36.223,0,443,1,0,1,0,1466,TCP,6,192.168.0.107,1,62674,A,2026-03-22T12:49:27,128
826.3,10,5,216.239.36.223,0,443,1,0,1,0,1466,TCP,6,192.168.0.107,1,62674,A,2026-03-22T12:49:27,128
884.45,11,6,216.239.36.223,0,443,1,0,1,0,1466,TCP,6,192.168.0.107,1,62674,A,2026-03-22T12:49:27,128
932.92,12,7,216.239.36.223,0,443,1,0,1,0,1466,TCP,6,192.168.0.107,1,62674,A,2026-03-22T12:49:27,128
973.92,13,8,216.239.36.223,0,443,1,0,1,0,1466,TCP,6,192.168.0.107,1,62674,A,2026-03-22T12:49:27,128
1009.07,14,9,216.239.36.223,0,443,1,0,1,0,1466,TCP,6,192.168.0.107,1,62674,A,2026-03-22T12:49:27,128
1039.53,15,10,216.239.36.223,0,443,1,0,1,0,1466,TCP,6,192.168.0.107,1,62674,A,2026-03-22T12:49:27,128
1066.19,16,11,216.239.36.223,0,443,1,0,1,0,1466,TCP,6,192.168.0.107,1,62674,A,2026-03-22T12:49:27,128
1058.06,17,12,216.239.36.223,0,443,1,0,1,0,928,TCP,6,192.168.0.107,1,62674,PA,2026-03-22T12:49:27,128
1004.0,18,13,216.239.36.223,0,443,1,0,1,0,85,TCP,6,192.168.0.107,1,62674,PA,2026-03-22T12:49:27,128
1028.32,19,14,216.239.36.223,0,443,1,0,1,0,1466,TCP,6,192.168.0.107,1,62674,A,2026-03-22T12:49:27,128
1050.2,20,15,216.239.36.223,0,443,1,0,1,0,1466,TCP,6,192.168.0.107,1,62674,A,2026-03-22T12:49:27,128
1070.0,21,16,216.239.36.223,0,443,1,0,1,0,1466,TCP,6,192.168.0.107,1,62674,A,2026-03-22T12:49:27,128
1088.0,22,17,216.239.36.223,0,443,1,0,1,0,1466,TCP,6,192.168.0.107,1,62674,A,2026-03-22T12:49:27,128
1104.43,23,18,216.239.36.223,0,443,1,0,1,0,1466,TCP,6,192.168.0.107,1,62674,A,2026-03-22T12:49:27,128
1119.5,24,19,216.239.36.223,0,443,1,0,1,0,1466,TCP,6,192.168.0.107,1,62674,A,2026-03-22T12:49:27,128
1133.36,25,20,216.239.36.223,0,443,1,0,1,0,1466,TCP,6,192.168.0.107,1,62674,A,2026-03-22T12:49:27,128
1146.15,26,21,216.239.36.223,0,443,1,0,1,0,1466,TCP,6,192.168.0.107,1,62674,A,2026-03-22T12:49:27,128
1158.0,27,22,216.239.36.223,0,443,1,0,1,0,1466,TCP,6,192.168.0.107,1,62674,A,2026-03-22T12:49:27,128
1169.0,28,23,216.239.36.223,0,443,1,0,1,0,1466,TCP,6,192.168.0.107,1,62674,A,2026-03-22T12:49:27,128
1179.24,29,24,216.239.36.223,0,443,1,0,1,0,1466,TCP,6,192.168.0.107,1,62674,A,2026-03-22T12:49:27,128
1170.87,30,25,216.239.36.223,0,443,1,0,1,0,928,TCP,6,192.168.0.107,1,62674,PA,2026-03-22T12:49:27,128
1135.84,31,26,216.239.36.223,0,443,1,0,1,0,85,TCP,6,192.168.0.107,1,62674,PA,2026-03-22T12:49:27,128
1102.22,32,2,192.168.0.107,1,62674,0,0,1,0,60,TCP,6,216.239.36.223,0,443,A,2026-03-22T12:49:27,122
1070.64,33,3,192.168.0.107,1,62674,0,0,1,0,60,TCP,6,216.239.36.223,0,443,A,2026-03-22T12:49:27,122
1040.91,34,4,192.168.0.107,1,62674,0,0,1,0,60,TCP,6,216.239.36.223,0,443,A,2026-03-22T12:49:27,122
1012.89,35,5,192.168.0.107,1,62674,0,0,1,0,60,TCP,6,216.239.36.223,0,443,A,2026-03-22T12:49:27,122
986.42,36,6,192.168.0.107,1,62674,0,0,1,0,60,TCP,6,216.239.36.223,0,443,A,2026-03-22T12:49:27,122
961.38,37,7,192.168.0.107,1,62674,0,0,1,0,60,TCP,6,216.239.36.223,0,443,A,2026-03-22T12:49:27,122
937.66,38,8,192.168.0.107,1,62674,0,0,1,0,60,TCP,6,216.239.36.223,0,443,A,2026-03-22T12:49:27,122
915.15,39,9,192.168.0.107,1,62674,0,0,1,0,60,TCP,6,216.239.36.223,0,443,A,2026-03-22T12:49:27,122
893.77,40,10,192.168.0.107,1,62674,0,0,1,0,60,TCP,6,216.239.36.223,0,443,A,2026-03-22T12:49:27,122
873.44,41,11,192.168.0.107,1,62674,0,0,1,0,60,TCP,6,216.239.36.223,0,443,A,2026-03-22T12:49:27,122
854.07,42,12,192.168.0.107,1,62674,0,0,1,0,60,TCP,6,216.239.36.223,0,443,A,2026-03-22T12:49:27,122
835.6,43,13,192.168.0.107,1,62674,0,0,1,0,60,TCP,6,216.239.36.223,0,443,A,2026-03-22T12:49:27,122
817.98,44,14,192.168.0.107,1,62674,0,0,1,0,60,TCP,6,216.239.36.223,0,443,A,2026-03-22T12:49:27,122
801.13,45,15,192.168.0.107,1,62674,0,0,1,0,60,TCP,6,216.239.36.223,0,443,A,2026-03-22T12:49:27,122
785.02,46,16,192.168.0.107,1,62674,0,0,1,0,60,TCP,6,216.239.36.223,0,443,A,2026-03-22T12:49:27,122
769.6,47,17,192.168.0.107,1,62674,0,0,1,0,60,TCP,6,216.239.36.223,0,443,A,2026-03-22T12:49:27,122
754.81,48,18,192.168.0.107,1,62674,0,0,1,0,60,TCP,6,216.239.36.223,0,443,A,2026-03-22T12:49:27,122
740.63,49,19,192.168.0.107,1,62674,0,0,1,0,60,TCP,6,216.239.36.223,0,443,A,2026-03-22T12:49:27,122
726.92,50,1,208.103.161.1,0,443,1,0,1,0,55,TCP,6,192.168.0.107,1,61211,A,2026-03-22T12:49:27,128
713.73,51,1,192.168.0.107,1,61211,0,0,1,0,54,TCP,6,208.103.161.1,0,443,R,2026-03-22T12:49:27,57
701.96,52,20,192.168.0.107,1,62674,1,0,1,0,102,TCP,6,216.239.36.223,0,443,PA,2026-03-22T12:49:27,122
716.38,53,27,216.239.36.223,0,443,1,0,1,0,1466,TCP,6,192.168.0.107,1,62674,A,2026-03-22T12:49:27,128
730.26,54,28,216.239.36.223,0,443,1,0,1,0,1466,TCP,6,192.168.0.107,1,62674,A,2026-03-22T12:49:27,128
743.64,55,29,216.239.36.223,0,443,1,0,1,0,1466,TCP,6,192.168.0.107,1,62674,A,2026-03-22T12:49:27,128
756.54,56,30,216.239.36.223,0,443,1,0,1,0,1466,TCP,6,192.168.0.107,1,62674,A,2026-03-22T12:49:27,128
768.98,57,31,216.239.36.223,0,443,1,0,1,0,1466,TCP,6,192.168.0.107,1,62674,A,2026-03-22T12:49:27,128
781.0,58,32,216.239.36.223,0,443,1,0,1,0,1466,TCP,6,192.168.0.107,1,62674,A,2026-03-22T12:49:27,128
792.61,59,33,216.239.36.223,0,443,1,0,1,0,1466,TCP,6,192.168.0.107,1,62674,A,2026-03-22T12:49:27,128
803.83,60,34,216.239.36.223,0,443,1,0,1,0,1466,TCP,6,192.168.0.107,1,62674,A,2026-03-22T12:49:27,128
814.69,61,35,216.239.36.223,0,443,1,0,1,0,1466,TCP,6,192.168.0.107,1,62674,A,2026-03-22T12:49:27,128
825.19,62,36,216.239.36.223,0,443,1,0,1,0,1466,TCP,6,192.168.0.107,1,62674,A,2026-03-22T12:49:27,128
835.37,63,37,216.239.36.223,0,443,1,0,1,0,1466,TCP,6,192.168.0.107,1,62674,A,2026-03-22T12:49:27,128
836.81,64,38,216.239.36.223,0,443,1,0,1,0,928,TCP,6,192.168.0.107,1,62674,PA,2026-03-22T12:49:27,128
825.25,65,39,216.239.36.223,0,443,1,0,1,0,85,TCP,6,192.168.0.107,1,62674,PA,2026-03-22T12:49:27,128
834.95,66,40,216.239.36.223,0,443,1,0,1,0,1466,TCP,6,192.168.0.107,1,62674,A,2026-03-22T12:49:27,128
844.37,67,41,216.239.36.223,0,443,1,0,1,0,1466,TCP,6,192.168.0.107,1,62674,A,2026-03-22T12:49:27,128
853.51,68,42,216.239.36.223,0,443,1,0,1,0,1466,TCP,6,192.168.0.107,1,62674,A,2026-03-22T12:49:27,128
862.39,69,43,216.239.36.223,0,443,1,0,1,0,1466,TCP,6,192.168.0.107,1,62674,A,2026-03-22T12:49:27,128
871.01,70,44,216.239.36.223,0,443,1,0,1,0,1466,TCP,6,192.168.0.107,1,62674,A,2026-03-22T12:49:27,128
879.39,71,45,216.239.36.223,0,443,1,0,1,0,1466,TCP,6,192.168.0.107,1,62674,A,2026-03-22T12:49:27,128
887.54,72,46,216.239.36.223,0,443,1,0,1,0,1466,TCP,6,192.168.0.107,1,62674,A,2026-03-22T12:49:27,128
895.47,73,47,216.239.36.223,0,443,1,0,1,0,1466,TCP,6,192.168.0.107,1,62674,A,2026-03-22T12:49:27,128
903.18,74,48,216.239.36.223,0,443,1,0,1,0,1466,TCP,6,192.168.0.107,1,62674,A,2026-03-22T12:49:27,128
910.68,75,49,216.239.36.223,0,443,1,0,1,0,1466,TCP,6,192.168.0.107,1,62674,A,2026-03-22T12:49:27,128
917.99,76,50,216.239.36.223,0,443,1,0,1,0,1466,TCP,6,192.168.0.107,1,62674,A,2026-03-22T12:49:27,128
918.12,77,51,216.239.36.223,0,443,1,0,1,0,928,TCP,6,192.168.0.107,1,62674,PA,2026-03-22T12:49:27,128
907.44,78,52,216.239.36.223,0,443,1,0,1,0,85,TCP,6,192.168.0.107,1,62674,PA,2026-03-22T12:49:27,128
896.71,79,21,192.168.0.107,1,62674,0,0,1,0,60,TCP,6,216.239.36.223,0,443,A,2026-03-22T12:49:27,122
886.25,80,22,192.168.0.107,1,62674,0,0,1,0,60,TCP,6,216.239.36.223,0,443,A,2026-03-22T12:49:27,122
876.05,81,23,192.168.0.107,1,62674,0,0,1,0,60,TCP,6,216.239.36.223,0,443,A,2026-03-22T12:49:27,122
866.1,82,24,192.168.0.107,1,62674,0,0,1,0,60,TCP,6,216.239.36.223,0,443,A,2026-03-22T12:49:27,122
856.39,83,25,192.168.0.107,1,62674,0,0,1,0,60,TCP,6,216.239.36.223,0,443,A,2026-03-22T12:49:27,122
846.9,84,26,192.168.0.107,1,62674,0,0,1,0,60,TCP,6,216.239.36.223,0,443,A,2026-03-22T12:49:27,122
837.65,85,27,192.168.0.107,1,62674,0,0,1,0,60,TCP,6,216.239.36.223,0,443,A,2026-03-22T12:49:27,122
828.6,86,28,192.168.0.107,1,62674,0,0,1,0,60,TCP,6,216.239.36.223,0,443,A,2026-03-22T12:49:27,122
819.77,87,29,192.168.0.107,1,62674,0,0,1,0,60,TCP,6,216.239.36.223,0,443,A,2026-03-22T12:49:27,122
811.14,88,30,192.168.0.107,1,62674,0,0,1,0,60,TCP,6,216.239.36.223,0,443,A,2026-03-22T12:49:27,122
802.7,89,31,192.168.0.107,1,62674,0,0,1,0,60,TCP,6,216.239.36.223,0,443,A,2026-03-22T12:49:27,122
794.44,90,32,192.168.0.107,1,62674,0,0,1,0,60,TCP,6,216.239.36.223,0,443,A,2026-03-22T12:49:27,122
786.37,91,33,192.168.0.107,1,62674,0,0,1,0,60,TCP,6,216.239.36.223,0,443,A,2026-03-22T12:49:27,122
778.48,92,34,192.168.0.107,1,62674,0,0,1,0,60,TCP,6,216.239.36.223,0,443,A,2026-03-22T12:49:27,122
770.75,93,35,192.168.0.107,1,62674,0,0,1,0,60,TCP,6,216.239.36.223,0,443,A,2026-03-22T12:49:27,122
763.19,94,36,192.168.0.107,1,62674,0,0,1,0,60,TCP,6,216.239.36.223,0,443,A,2026-03-22T12:49:27,122
755.79,95,37,192.168.0.107,1,62674,0,0,1,0,60,TCP,6,216.239.36.223,0,443,A,2026-03-22T12:49:27,122
748.98,96,38,192.168.0.107,1,62674,1,0,1,0,102,TCP,6,216.239.36.223,0,443,PA,2026-03-22T12:49:27,122
756.37,97,53,216.239.36.223,0,443,1,0,1,0,1466,TCP,6,192.168.0.107,1,62674,A,2026-03-22T12:49:27,128
763.61,98,54,216.239.36.223,0,443,1,0,1,0,1466,TCP,6,192.168.0.107,1,62674,A,2026-03-22T12:49:27,128
770.71,99,55,216.239.36.223,0,443,1,0,1,0,1466,TCP,6,192.168.0.107,1,62674,A,2026-03-22T12:49:27,128
777.66,100,56,216.239.36.223,0,443,1,0,1,0,1466,TCP,6,192.168.0.107,1,62674,A,2026-03-22T12:49:27,128
784.48,101,57,216.239.36.223,0,443,1,0,1,0,1466,TCP,6,192.168.0.107,1,62674,A,2026-03-22T12:49:27,128
791.16,102,58,216.239.36.223,0,443,1,0,1,0,1466,TCP,6,192.168.0.107,1,62674,A,2026-03-22T12:49:27,128
797.71,103,59,216.239.36.223,0,443,1,0,1,0,1466,TCP,6,192.168.0.107,1,62674,A,2026-03-22T12:49:27,128
804.13,104,60,216.239.36.223,0,443,1,0,1,0,1466,TCP,6,192.168.0.107,1,62674,A,2026-03-22T12:49:27,128
810.44,105,61,216.239.36.223,0,443,1,0,1,0,1466,TCP,6,192.168.0.107,1,62674,A,2026-03-22T12:49:27,128
816.62,106,62,216.239.36.223,0,443,1,0,1,0,1466,TCP,6,192.168.0.107,1,62674,A,2026-03-22T12:49:27,128
822.69,107,63,216.239.36.223,0,443,1,0,1,0,1466,TCP,6,192.168.0.107,1,62674,A,2026-03-22T12:49:27,128
823.67,108,64,216.239.36.223,0,443,1,0,1,0,928,TCP,6,192.168.0.107,1,62674,PA,2026-03-22T12:49:27,128
816.89,109,65,216.239.36.223,0,443,1,0,1,0,85,TCP,6,192.168.0.107,1,62674,PA,2026-03-22T12:49:27,128
822.79,110,66,216.239.36.223,0,443,1,0,1,0,1466,TCP,6,192.168.0.107,1,62674,A,2026-03-22T12:49:27,128
828.59,111,67,216.239.36.223,0,443,1,0,1,0,1466,TCP,6,192.168.0.107,1,62674,A,2026-03-22T12:49:27,128
834.28,112,68,216.239.36.223,0,443,1,0,1,0,1466,TCP,6,192.168.0.107,1,62674,A,2026-03-22T12:49:27,128
839.87,113,69,216.239.36.223,0,443,1,0,1,0,1466,TCP,6,192.168.0.107,1,62674,A,2026-03-22T12:49:27,128
845.36,114,70,216.239.36.223,0,443,1,0,1,0,1466,TCP,6,192.168.0.107,1,62674,A,2026-03-22T12:49:27,128
850.76,115,71,216.239.36.223,0,443,1,0,1,0,1466,TCP,6,192.168.0.107,1,62674,A,2026-03-22T12:49:27,128
856.06,116,72,216.239.36.223,0,443,1,0,1,0,1466,TCP,6,192.168.0.107,1,62674,A,2026-03-22T12:49:27,128
861.27,117,73,216.239.36.223,0,443,1,0,1,0,1466,TCP,6,192.168.0.107,1,62674,A,2026-03-22T12:49:27,128
866.4,118,74,216.239.36.223,0,443,1,0,1,0,1466,TCP,6,192.168.0.107,1,62674,A,2026-03-22T12:49:27,128
871.44,119,75,216.239.36.223,0,443,1,0,1,0,1466,TCP,6,192.168.0.107,1,62674,A,2026-03-22T12:49:27,128
876.39,120,76,216.239.36.223,0,443,1,0,1,0,1466,TCP,6,192.168.0.107,1,62674,A,2026-03-22T12:49:27,128
876.82,121,77,216.239.36.223,0,443,1,0,1,0,928,TCP,6,192.168.0.107,1,62674,PA,2026-03-22T12:49:27,128
870.33,122,78,216.239.36.223,0,443,1,0,1,0,85,TCP,6,192.168.0.107,1,62674,PA,2026-03-22T12:49:27,128
863.74,123,39,192.168.0.107,1,62674,0,0,1,0,60,TCP,6,216.239.36.223,0,443,A,2026-03-22T12:49:27,122
857.26,124,40,192.168.0.107,1,62674,0,0,1,0,60,TCP,6,216.239.36.223,0,443,A,2026-03-22T12:49:27,122
850.88,125,41,192.168.0.107,1,62674,0,0,1,0,60,TCP,6,216.239.36.223,0,443,A,2026-03-22T12:49:27,122
844.6,126,42,192.168.0.107,1,62674,0,0,1,0,60,TCP,6,216.239.36.223,0,443,A,2026-03-22T12:49:27,122
838.43,127,43,192.168.0.107,1,62674,0,0,1,0,60,TCP,6,216.239.36.223,0,443,A,2026-03-22T12:49:27,122
832.34,128,44,192.168.0.107,1,62674,0,0,1,0,60,TCP,6,216.239.36.223,0,443,A,2026-03-22T12:49:27,122
826.36,129,45,192.168.0.107,1,62674,0,0,1,0,60,TCP,6,216.239.36.223,0,443,A,2026-03-22T12:49:27,122
820.51,130,46,192.168.0.107,1,62674,0,0,1,0,66,TCP,6,216.239.36.223,0,443,A,2026-03-22T12:49:27,122
814.75,131,47,192.168.0.107,1,62674,0,0,1,0,66,TCP,6,216.239.36.223,0,443,A,2026-03-22T12:49:27,122
809.03,132,48,192.168.0.107,1,62674,0,0,1,0,60,TCP,6,216.239.36.223,0,443,A,2026-03-22T12:49:27,122
803.4,133,49,192.168.0.107,1,62674,0,0,1,0,60,TCP,6,216.239.36.223,0,443,A,2026-03-22T12:49:27,122
797.85,134,50,192.168.0.107,1,62674,0,0,1,0,60,TCP,6,216.239.36.223,0,443,A,2026-03-22T12:49:27,122
792.39,135,51,192.168.0.107,1,62674,0,0,1,0,60,TCP,6,216.239.36.223,0,443,A,2026-03-22T12:49:27,122
787.0,136,52,192.168.0.107,1,62674,0,0,1,0,60,TCP,6,216.239.36.223,0,443,A,2026-03-22T12:49:27,122
781.69,137,53,192.168.0.107,1,62674,0,0,1,0,60,TCP,6,216.239.36.223,0,443,A,2026-03-22T12:49:27,122
776.46,138,54,192.168.0.107,1,62674,0,0,1,0,60,TCP,6,216.239.36.223,0,443,A,2026-03-22T12:49:27,122
771.31,139,55,192.168.0.107,1,62674,0,0,1,0,60,TCP,6,216.239.36.223,0,443,A,2026-03-22T12:49:27,122
766.23,140,56,192.168.0.107,1,62674,0,0,1,0,60,TCP,6,216.239.36.223,0,443,A,2026-03-22T12:49:27,122
761.22,141,57,192.168.0.107,1,62674,0,0,1,0,60,TCP,6,216.239.36.223,0,443,A,2026-03-22T12:49:27,122
756.28,142,58,192.168.0.107,1,62674,0,0,1,0,60,TCP,6,216.239.36.223,0,443,A,2026-03-22T12:49:27,122
751.71,143,59,192.168.0.107,1,62674,1,0,1,0,102,TCP,6,216.239.36.223,0,443,PA,2026-03-22T12:49:27,122
756.67,144,79,216.239.36.223,0,443,1,0,1,0,1466,TCP,6,192.168.0.107,1,62674,A,2026-03-22T12:49:27,128
761.56,145,80,216.239.36.223,0,443,1,0,1,0,1466,TCP,6,192.168.0.107,1,62674,A,2026-03-22T12:49:27,128
766.38,146,81,216.239.36.223,0,443,1,0,1,0,1466,TCP,6,192.168.0.107,1,62674,A,2026-03-22T12:49:27,128
771.14,147,82,216.239.36.223,0,443,1,0,1,0,1466,TCP,6,192.168.0.107,1,62674,A,2026-03-22T12:49:27,128
775.84,148,83,216.239.36.223,0,443,1,0,1,0,1466,TCP,6,192.168.0.107,1,62674,A,2026-03-22T12:49:27,128
780.47,149,84,216.239.36.223,0,443,1,0,1,0,1466,TCP,6,192.168.0.107,1,62674,A,2026-03-22T12:49:27,128
785.04,150,85,216.239.36.223,0,443,1,0,1,0,1466,TCP,6,192.168.0.107,1,62674,A,2026-03-22T12:49:27,128
789.55,151,86,216.239.36.223,0,443,1,0,1,0,1466,TCP,6,192.168.0.107,1,62674,A,2026-03-22T12:49:27,128
794.0,152,87,216.239.36.223,0,443,1,0,1,0,1466,TCP,6,192.168.0.107,1,62674,A,2026-03-22T12:49:27,128
798.39,153,88,216.239.36.223,0,443,1,0,1,0,1466,TCP,6,192.168.0.107,1,62674,A,2026-03-22T12:49:27,128
802.73,154,89,216.239.36.223,0,443,1,0,1,0,1466,TCP,6,192.168.0.107,1,62674,A,2026-03-22T12:49:27,128
803.54,155,90,216.239.36.223,0,443,1,0,1,0,928,TCP,6,192.168.0.107,1,62674,PA,2026-03-22T12:49:27,128
798.93,156,91,216.239.36.223,0,443,1,0,1,0,85,TCP,6,192.168.0.107,1,62674,PA,2026-03-22T12:49:27,128
803.18,157,92,216.239.36.223,0,443,1,0,1,0,1466,TCP,6,192.168.0.107,1,62674,A,2026-03-22T12:49:27,128
807.37,158,93,216.239.36.223,0,443,1,0,1,0,1466,TCP,6,192.168.0.107,1,62674,A,2026-03-22T12:49:27,128
811.52,159,94,216.239.36.223,0,443,1,0,1,0,1466,TCP,6,192.168.0.107,1,62674,A,2026-03-22T12:49:27,128
815.61,160,95,216.239.36.223,0,443,1,0,1,0,1466,TCP,6,192.168.0.107,1,62674,A,2026-03-22T12:49:27,128
819.65,161,96,216.239.36.223,0,443,1,0,1,0,1466,TCP,6,192.168.0.107,1,62674,A,2026-03-22T12:49:27,128
823.64,162,97,216.239.36.223,0,443,1,0,1,0,1466,TCP,6,192.168.0.107,1,62674,A,2026-03-22T12:49:27,128
827.58,163,98,216.239.36.223,0,443,1,0,1,0,1466,TCP,6,192.168.0.107,1,62674,A,2026-03-22T12:49:27,128
831.47,164,99,216.239.36.223,0,443,1,0,1,0,1466,TCP,6,192.168.0.107,1,62674,A,2026-03-22T12:49:27,128
835.32,165,100,216.239.36.223,0,443,1,0,1,0,1466,TCP,6,192.168.0.107,1,62674,A,2026-03-22T12:49:27,128
839.11,166,101,216.239.36.223,0,443,1,0,1,0,1466,TCP,6,192.168.0.107,1,62674,A,2026-03-22T12:49:27,128
842.87,167,102,216.239.36.223,0,443,1,0,1,0,1466,TCP,6,192.168.0.107,1,62674,A,2026-03-22T12:49:27,128
843.38,168,103,216.239.36.223,0,443,1,0,1,0,928,TCP,6,192.168.0.107,1,62674,PA,2026-03-22T12:49:27,128
838.89,169,104,216.239.36.223,0,443,1,0,1,0,85,TCP,6,192.168.0.107,1,62674,PA,2026-03-22T12:49:27,128
834.31,170,60,192.168.0.107,1,62674,0,0,1,0,60,TCP,6,216.239.36.223,0,443,A,2026-03-22T12:49:27,122
829.78,171,61,192.168.0.107,1,62674,0,0,1,0,60,TCP,6,216.239.36.223,0,443,A,2026-03-22T12:49:27,122
825.3,172,62,192.168.0.107,1,62674,0,0,1,0,60,TCP,6,216.239.36.223,0,443,A,2026-03-22T12:49:27,122
820.88,173,63,192.168.0.107,1,62674,0,0,1,0,60,TCP,6,216.239.36.223,0,443,A,2026-03-22T12:49:27,122
816.51,174,64,192.168.0.107,1,62674,0,0,1,0,60,TCP,6,216.239.36.223,0,443,A,2026-03-22T12:49:27,122
812.18,175,65,192.168.0.107,1,62674,0,0,1,0,60,TCP,6,216.239.36.223,0,443,A,2026-03-22T12:49:27,122
807.91,176,66,192.168.0.107,1,62674,0,0,1,0,60,TCP,6,216.239.36.223,0,443,A,2026-03-22T12:49:27,122
803.68,177,67,192.168.0.107,1,62674,0,0,1,0,60,TCP,6,216.239.36.223,0,443,A,2026-03-22T12:49:27,122
799.51,178,68,192.168.0.107,1,62674,0,0,1,0,60,TCP,6,216.239.36.223,0,443,A,2026-03-22T12:49:27,122
795.37,179,69,192.168.0.107,1,62674,0,0,1,0,60,TCP,6,216.239.36.223,0,443,A,2026-03-22T12:49:27,122
791.29,180,70,192.168.0.107,1,62674,0,0,1,0,60,TCP,6,216.239.36.223,0,443,A,2026-03-22T12:49:27,122
787.25,181,71,192.168.0.107,1,62674,0,0,1,0,60,TCP,6,216.239.36.223,0,443,A,2026-03-22T12:49:27,122
783.25,182,72,192.168.0.107,1,62674,0,0,1,0,60,TCP,6,216.239.36.223,0,443,A,2026-03-22T12:49:27,122
779.3,183,73,192.168.0.107,1,62674,0,0,1,0,60,TCP,6,216.239.36.223,0,443,A,2026-03-22T12:49:27,122
775.39,184,74,192.168.0.107,1,62674,0,0,1,0,60,TCP,6,216.239.36.223,0,443,A,2026-03-22T12:49:27,122
771.52,185,75,192.168.0.107,1,62674,0,0,1,0,60,TCP,6,216.239.36.223,0,443,A,2026-03-22T12:49:27,122
767.73,186,76,192.168.0.107,1,62674,0,0,1,0,66,TCP,6,216.239.36.223,0,443,A,2026-03-22T12:49:27,122
763.98,187,77,192.168.0.107,1,62674,0,0,1,0,66,TCP,6,216.239.36.223,0,443,A,2026-03-22T12:49:27,122
760.23,188,78,192.168.0.107,1,62674,0,0,1,0,60,TCP,6,216.239.36.223,0,443,A,2026-03-22T12:49:27,122
756.75,189,79,192.168.0.107,1,62674,1,0,1,0,102,TCP,6,216.239.36.223,0,443,PA,2026-03-22T12:49:28,122
760.48,190,105,216.239.36.223,0,443,1,0,1,0,1466,TCP,6,192.168.0.107,1,62674,A,2026-03-22T12:49:28,128
764.18,191,106,216.239.36.223,0,443,1,0,1,0,1466,TCP,6,192.168.0.107,1,62674,A,2026-03-22T12:49:28,128
767.83,192,107,216.239.36.223,0,443,1,0,1,0,1466,TCP,6,192.168.0.107,1,62674,A,2026-03-22T12:49:28,128
771.45,193,108,216.239.36.223,0,443,1,0,1,0,1466,TCP,6,192.168.0.107,1,62674,A,2026-03-22T12:49:28,128
775.03,194,109,216.239.36.223,0,443,1,0,1,0,1466,TCP,6,192.168.0.107,1,62674,A,2026-03-22T12:49:28,128
778.57,195,110,216.239.36.223,0,443,1,0,1,0,1466,TCP,6,192.168.0.107,1,62674,A,2026-03-22T12:49:28,128
782.08,196,111,216.239.36.223,0,443,1,0,1,0,1466,TCP,6,192.168.0.107,1,62674,A,2026-03-22T12:49:28,128
785.55,197,112,216.239.36.223,0,443,1,0,1,0,1466,TCP,6,192.168.0.107,1,62674,A,2026-03-22T12:49:28,128
788.99,198,113,216.239.36.223,0,443,1,0,1,0,1466,TCP,6,192.168.0.107,1,62674,A,2026-03-22T12:49:28,128
792.39,199,114,216.239.36.223,0,443,1,0,1,0,1466,TCP,6,192.168.0.107,1,62674,A,2026-03-22T12:49:28,128
795.76,200,115,216.239.36.223,0,443,1,0,1,0,1466,TCP,6,192.168.0.107,1,62674,A,2026-03-22T12:49:28,128
796.42,201,116,216.239.36.223,0,443,1,0,1,0,928,TCP,6,192.168.0.107,1,62674,PA,2026-03-22T12:49:28,128
792.9,202,117,216.239.36.223,0,443,1,0,1,0,85,TCP,6,192.168.0.107,1,62674,PA,2026-03-22T12:49:28,128
796.21,203,118,216.239.36.223,0,443,1,0,1,0,1466,TCP,6,192.168.0.107,1,62674,A,2026-03-22T12:49:28,128
799.5,204,119,216.239.36.223,0,443,1,0,1,0,1466,TCP,6,192.168.0.107,1,62674,A,2026-03-22T12:49:28,128
802.75,205,120,216.239.36.223,0,443,1,0,1,0,1466,TCP,6,192.168.0.107,1,62674,A,2026-03-22T12:49:28,128
805.97,206,121,216.239.36.223,0,443,1,0,1,0,1466,TCP,6,192.168.0.107,1,62674,A,2026-03-22T12:49:28,128
809.15,207,122,216.239.36.223,0,443,1,0,1,0,1466,TCP,6,192.168.0.107,1,62674,A,2026-03-22T12:49:28,128
812.31,208,123,216.239.36.223,0,443,1,0,1,0,1466,TCP,6,192.168.0.107,1,62674,A,2026-03-22T12:49:28,128
815.44,209,124,216.239.36.223,0,443,1,0,1,0,1466,TCP,6,192.168.0.107,1,62674,A,2026-03-22T12:49:28,128
818.54,210,125,216.239.36.223,0,443,1,0,1,0,1466,TCP,6,192.168.0.107,1,62674,A,2026-03-22T12:49:28,128
821.61,211,126,216.239.36.223,0,443,1,0,1,0,1466,TCP,6,192.168.0.107,1,62674,A,2026-03-22T12:49:28,128
824.65,212,127,216.239.36.223,0,443,1,0,1,0,1466,TCP,6,192.168.0.107,1,62674,A,2026-03-22T12:49:28,128
827.66,213,128,216.239.36.223,0,443,1,0,1,0,1466,TCP,6,192.168.0.107,1,62674,A,2026-03-22T12:49:28,128
828.13,214,129,216.239.36.223,0,443,1,0,1,0,928,TCP,6,192.168.0.107,1,62674,PA,2026-03-22T12:49:28,128
824.67,215,130,216.239.36.223,0,443,1,0,1,0,85,TCP,6,192.168.0.107,1,62674,PA,2026-03-22T12:49:28,128
821.13,216,80,192.168.0.107,1,62674,0,0,1,0,60,TCP,6,216.239.36.223,0,443,A,2026-03-22T12:49:28,122
817.62,217,81,192.168.0.107,1,62674,0,0,1,0,60,TCP,6,216.239.36.223,0,443,A,2026-03-22T12:49:28,122
814.15,218,82,192.168.0.107,1,62674,0,0,1,0,60,TCP,6,216.239.36.223,0,443,A,2026-03-22T12:49:28,122
810.7,219,83,192.168.0.107,1,62674,0,0,1,0,60,TCP,6,216.239.36.223,0,443,A,2026-03-22T12:49:28,122
807.29,220,84,192.168.0.107,1,62674,0,0,1,0,60,TCP,6,216.239.36.223,0,443,A,2026-03-22T12:49:28,122
803.91,221,85,192.168.0.107,1,62674,0,0,1,0,60,TCP,6,216.239.36.223,0,443,A,2026-03-22T12:49:28,122
800.59,222,86,192.168.0.107,1,62674,0,0,1,0,66,TCP,6,216.239.36.223,0,443,A,2026-03-22T12:49:28,122
797.29,223,87,192.168.0.107,1,62674,0,0,1,0,66,TCP,6,216.239.36.223,0,443,A,2026-03-22T12:49:28,122
794.0,224,88,192.168.0.107,1,62674,0,0,1,0,60,TCP,6,216.239.36.223,0,443,A,2026-03-22T12:49:28,122
790.74,225,89,192.168.0.107,1,62674,0,0,1,0,60,TCP,6,216.239.36.223,0,443,A,2026-03-22T12:49:28,122
787.5,226,90,192.168.0.107,1,62674,0,0,1,0,60,TCP,6,216.239.36.223,0,443,A,2026-03-22T12:49:28,122
784.3,227,91,192.168.0.107,1,62674,0,0,1,0,60,TCP,6,216.239.36.223,0,443,A,2026-03-22T12:49:28,122
781.12,228,92,192.168.0.107,1,62674,0,0,1,0,60,TCP,6,216.239.36.223,0,443,A,2026-03-22T12:49:28,122
777.97,229,93,192.168.0.107,1,62674,0,0,1,0,60,TCP,6,216.239.36.223,0,443,A,2026-03-22T12:49:28,122
774.85,230,94,192.168.0.107,1,62674,0,0,1,0,60,TCP,6,216.239.36.223,0,443,A,2026-03-22T12:49:28,122
771.76,231,95,192.168.0.107,1,62674,0,0,1,0,60,TCP,6,216.239.36.223,0,443,A,2026-03-22T12:49:28,122
768.69,232,96,192.168.0.107,1,62674,0,0,1,0,60,TCP,6,216.239.36.223,0,443,A,2026-03-22T12:49:28,122
765.65,233,97,192.168.0.107,1,62674,0,0,1,0,60,TCP,6,216.239.36.223,0,443,A,2026-03-22T12:49:28,122
762.81,184,98,192.168.0.107,1,62674,1,0,1,0,102,TCP,6,216.239.36.223,0,443,PA,2026-03-22T12:49:28,122
765.8,185,131,216.239.36.223,0,443,1,0,1,0,1466,TCP,6,192.168.0.107,1,62674,A,2026-03-22T12:49:28,128
768.77,185,132,216.239.36.223,0,443,1,0,1,0,1466,TCP,6,192.168.0.107,1,62674,A,2026-03-22T12:49:28,128
771.71,186,133,216.239.36.223,0,443,1,0,1,0,1466,TCP,6,192.168.0.107,1,62674,A,2026-03-22T12:49:28,128
774.63,187,134,216.239.36.223,0,443,1,0,1,0,1466,TCP,6,192.168.0.107,1,62674,A,2026-03-22T12:49:28,128
777.52,188,135,216.239.36.223,0,443,1,0,1,0,1466,TCP,6,192.168.0.107,1,62674,A,2026-03-22T12:49:28,128
780.39,189,136,216.239.36.223,0,443,1,0,1,0,1466,TCP,6,192.168.0.107,1,62674,A,2026-03-22T12:49:28,128
783.24,190,137,216.239.36.223,0,443,1,0,1,0,1466,TCP,6,192.168.0.107,1,62674,A,2026-03-22T12:49:28,128
786.06,191,138,216.239.36.223,0,443,1,0,1,0,1466,TCP,6,192.168.0.107,1,62674,A,2026-03-22T12:49:28,128
788.86,192,139,216.239.36.223,0,443,1,0,1,0,1466,TCP,6,192.168.0.107,1,62674,A,2026-03-22T12:49:28,128
791.63,193,140,216.239.36.223,0,443,1,0,1,0,1466,TCP,6,192.168.0.107,1,62674,A,2026-03-22T12:49:28,128
794.38,194,141,216.239.36.223,0,443,1,0,1,0,1466,TCP,6,192.168.0.107,1,62674,A,2026-03-22T12:49:28,128
794.93,195,142,216.239.36.223,0,443,1,0,1,0,928,TCP,6,192.168.0.107,1,62674,PA,2026-03-22T12:49:28,128
792.05,196,143,216.239.36.223,0,443,1,0,1,0,85,TCP,6,192.168.0.107,1,62674,PA,2026-03-22T12:49:28,128
794.77,197,144,216.239.36.223,0,443,1,0,1,0,1466,TCP,6,192.168.0.107,1,62674,A,2026-03-22T12:49:28,128
797.47,198,145,216.239.36.223,0,443,1,0,1,0,1466,TCP,6,192.168.0.107,1,62674,A,2026-03-22T12:49:28,128
800.14,199,146,216.239.36.223,0,443,1,0,1,0,1466,TCP,6,192.168.0.107,1,62674,A,2026-03-22T12:49:28,128
802.79,200,147,216.239.36.223,0,443,1,0,1,0,1466,TCP,6,192.168.0.107,1,62674,A,2026-03-22T12:49:28,128
805.42,201,148,216.239.36.223,0,443,1,0,1,0,1466,TCP,6,192.168.0.107,1,62674,A,2026-03-22T12:49:28,128
808.04,202,149,216.239.36.223,0,443,1,0,1,0,1466,TCP,6,192.168.0.107,1,62674,A,2026-03-22T12:49:28,128
810.63,203,150,216.239.36.223,0,443,1,0,1,0,1466,TCP,6,192.168.0.107,1,62674,A,2026-03-22T12:49:28,128
813.2,204,151,216.239.36.223,0,443,1,0,1,0,1466,TCP,6,192.168.0.107,1,62674,A,2026-03-22T12:49:28,128
815.75,205,152,216.239.36.223,0,443,1,0,1,0,1466,TCP,6,192.168.0.107,1,62674,A,2026-03-22T12:49:28,128
818.28,206,153,216.239.36.223,0,443,1,0,1,0,1466,TCP,6,192.168.0.107,1,62674,A,2026-03-22T12:49:28,128
820.79,207,154,216.239.36.223,0,443,1,0,1,0,1466,TCP,6,192.168.0.107,1,62674,A,2026-03-22T12:49:28,128
821.2,208,155,216.239.36.223,0,443,1,0,1,0,928,TCP,6,192.168.0.107,1,62674,PA,2026-03-22T12:49:28,128
818.37,209,156,216.239.36.223,0,443,1,0,1,0,85,TCP,6,192.168.0.107,1,62674,PA,2026-03-22T12:49:28,128
815.46,210,99,192.168.0.107,1,62674,0,0,1,0,60,TCP,6,216.239.36.223,0,443,A,2026-03-22T12:49:28,122
812.58,211,100,192.168.0.107,1,62674,0,0,1,0,60,TCP,6,216.239.36.223,0,443,A,2026-03-22T12:49:28,122
809.72,212,101,192.168.0.107,1,62674,0,0,1,0,60,TCP,6,216.239.36.223,0,443,A,2026-03-22T12:49:28,122
806.88,213,102,192.168.0.107,1,62674,0,0,1,0,60,TCP,6,216.239.36.223,0,443,A,2026-03-22T12:49:28,122
804.06,214,103,192.168.0.107,1,62674,0,0,1,0,60,TCP,6,216.239.36.223,0,443,A,2026-03-22T12:49:28,122
801.26,215,104,192.168.0.107,1,62674,0,0,1,0,60,TCP,6,216.239.36.223,0,443,A,2026-03-22T12:49:28,122
798.49,216,105,192.168.0.107,1,62674,0,0,1,0,60,TCP,6,216.239.36.223,0,443,A,2026-03-22T12:49:28,122
795.73,217,106,192.168.0.107,1,62674,0,0,1,0,60,TCP,6,216.239.36.223,0,443,A,2026-03-22T12:49:28,122
793.0,218,107,192.168.0.107,1,62674,0,0,1,0,60,TCP,6,216.239.36.223,0,443,A,2026-03-22T12:49:28,122
790.28,219,108,192.168.0.107,1,62674,0,0,1,0,60,TCP,6,216.239.36.223,0,443,A,2026-03-22T12:49:28,122
787.59,220,109,192.168.0.107,1,62674,0,0,1,0,60,TCP,6,216.239.36.223,0,443,A,2026-03-22T12:49:28,122
784.91,221,110,192.168.0.107,1,62674,0,0,1,0,60,TCP,6,216.239.36.223,0,443,A,2026-03-22T12:49:28,122
782.26,222,111,192.168.0.107,1,62674,0,0,1,0,60,TCP,6,216.239.36.223,0,443,A,2026-03-22T12:49:28,122
779.62,223,112,192.168.0.107,1,62674,0,0,1,0,60,TCP,6,216.239.36.223,0,443,A,2026-03-22T12:49:28,122
777.0,224,113,192.168.0.107,1,62674,0,0,1,0,60,TCP,6,216.239.36.223,0,443,A,2026-03-22T12:49:28,122
774.41,225,114,192.168.0.107,1,62674,0,0,1,0,60,TCP,6,216.239.36.223,0,443,A,2026-03-22T12:49:28,122
771.83,226,115,192.168.0.107,1,62674,0,0,1,0,60,TCP,6,216.239.36.223,0,443,A,2026-03-22T12:49:28,122
769.27,183,116,192.168.0.107,1,62674,0,0,1,0,60,TCP,6,216.239.36.223,0,443,A,2026-03-22T12:49:28,122
766.87,184,117,192.168.0.107,1,62674,1,0,1,0,102,TCP,6,216.239.36.223,0,443,PA,2026-03-22T12:49:28,122
769.37,185,157,216.239.36.223,0,443,1,0,1,0,1466,TCP,6,192.168.0.107,1,62674,A,2026-03-22T12:49:28,128
771.85,186,158,216.239.36.223,0,443,1,0,1,0,1466,TCP,6,192.168.0.107,1,62674,A,2026-03-22T12:49:28,128
774.31,187,159,216.239.36.223,0,443,1,0,1,0,1466,TCP,6,192.168.0.107,1,62674,A,2026-03-22T12:49:28,128
776.76,188,160,216.239.36.223,0,443,1,0,1,0,1466,TCP,6,192.168.0.107,1,62674,A,2026-03-22T12:49:28,128
779.18,189,161,216.239.36.223,0,443,1,0,1,0,1466,TCP,6,192.168.0.107,1,62674,A,2026-03-22T12:49:28,128
781.59,190,162,216.239.36.223,0,443,1,0,1,0,1466,TCP,6,192.168.0.107,1,62674,A,2026-03-22T12:49:28,128
783.99,191,163,216.239.36.223,0,443,1,0,1,0,1466,TCP,6,192.168.0.107,1,62674,A,2026-03-22T12:49:28,128
786.36,192,164,216.239.36.223,0,443,1,0,1,0,1466,TCP,6,192.168.0.107,1,62674,A,2026-03-22T12:49:28,128
788.72,193,165,216.239.36.223,0,443,1,0,1,0,1466,TCP,6,192.168.0.107,1,62674,A,2026-03-22T12:49:28,128
791.07,194,166,216.239.36.223,0,443,1,0,1,0,1466,TCP,6,192.168.0.107,1,62674,A,2026-03-22T12:49:28,128
793.39,195,167,216.239.36.223,0,443,1,0,1,0,1466,TCP,6,192.168.0.107,1,62674,A,2026-03-22T12:49:28,128
793.86,196,168,216.239.36.223,0,443,1,0,1,0,928,TCP,6,192.168.0.107,1,62674,PA,2026-03-22T12:49:28,128
791.43,197,169,216.239.36.223,0,443,1,0,1,0,85,TCP,6,192.168.0.107,1,62674,PA,2026-03-22T12:49:28,128
793.73,198,170,216.239.36.223,0,443,1,0,1,0,1466,TCP,6,192.168.0.107,1,62674,A,2026-03-22T12:49:28,128
796.02,199,171,216.239.36.223,0,443,1,0,1,0,1466,TCP,6,192.168.0.107,1,62674,A,2026-03-22T12:49:28,128
798.29,200,172,216.239.36.223,0,443,1,0,1,0,1466,TCP,6,192.168.0.107,1,62674,A,2026-03-22T12:49:28,128
800.54,201,173,216.239.36.223,0,443,1,0,1,0,1466,TCP,6,192.168.0.107,1,62674,A,2026-03-22T12:49:28,128
802.78,202,174,216.239.36.223,0,443,1,0,1,0,1466,TCP,6,192.168.0.107,1,62674,A,2026-03-22T12:49:28,128
805.01,203,175,216.239.36.223,0,443,1,0,1,0,1466,TCP,6,192.168.0.107,1,62674,A,2026-03-22T12:49:28,128
807.22,204,176,216.239.36.223,0,443,1,0,1,0,1466,TCP,6,192.168.0.107,1,62674,A,2026-03-22T12:49:28,128
809.42,205,177,216.239.36.223,0,443,1,0,1,0,1466,TCP,6,192.168.0.107,1,62674,A,2026-03-22T12:49:28,128
811.6,206,178,216.239.36.223,0,443,1,0,1,0,1466,TCP,6,192.168.0.107,1,62674,A,2026-03-22T12:49:28,128
813.76,207,179,216.239.36.223,0,443,1,0,1,0,1466,TCP,6,192.168.0.107,1,62674,A,2026-03-22T12:49:28,128
815.92,208,180,216.239.36.223,0,443,1,0,1,0,1466,TCP,6,192.168.0.107,1,62674,A,2026-03-22T12:49:28,128
816.29,209,181,216.239.36.223,0,443,1,0,1,0,928,TCP,6,192.168.0.107,1,62674,PA,2026-03-22T12:49:28,128
813.89,210,182,216.239.36.223,0,443,1,0,1,0,85,TCP,6,192.168.0.107,1,62674,PA,2026-03-22T12:49:28,128
811.42,211,118,192.168.0.107,1,62674,0,0,1,0,60,TCP,6,216.239.36.223,0,443,A,2026-03-22T12:49:28,122
808.98,212,119,192.168.0.107,1,62674,0,0,1,0,60,TCP,6,216.239.36.223,0,443,A,2026-03-22T12:49:28,122
806.55,213,120,192.168.0.107,1,62674,0,0,1,0,60,TCP,6,216.239.36.223,0,443,A,2026-03-22T12:49:28,122
804.13,214,121,192.168.0.107,1,62674,0,0,1,0,60,TCP,6,216.239.36.223,0,443,A,2026-03-22T12:49:28,122
801.73,215,122,192.168.0.107,1,62674,0,0,1,0,60,TCP,6,216.239.36.223,0,443,A,2026-03-22T12:49:28,122
799.34,216,123,192.168.0.107,1,62674,0,0,1,0,60,TCP,6,216.239.36.223,0,443,A,2026-03-22T12:49:28,122
796.97,217,124,192.168.0.107,1,62674,0,0,1,0,60,TCP,6,216.239.36.223,0,443,A,2026-03-22T12:49:28,122
794.62,218,125,192.168.0.107,1,62674,0,0,1,0,60,TCP,6,216.239.36.223,0,443,A,2026-03-22T12:49:28,122
792.3,219,126,192.168.0.107,1,62674,0,0,1,0,66,TCP,6,216.239.36.223,0,443,A,2026-03-22T12:49:28,122
789.99,220,127,192.168.0.107,1,62674,0,0,1,0,66,TCP,6,216.239.36.223,0,443,A,2026-03-22T12:49:28,122
787.68,221,128,192.168.0.107,1,62674,0,0,1,0,60,TCP,6,216.239.36.223,0,443,A,2026-03-22T12:49:28,122
785.39,222,129,192.168.0.107,1,62674,0,0,1,0,60,TCP,6,216.239.36.223,0,443,A,2026-03-22T12:49:28,122
783.11,223,130,192.168.0.107,1,62674,0,0,1,0,60,TCP,6,216.239.36.223,0,443,A,2026-03-22T12:49:28,122
780.84,224,131,192.168.0.107,1,62674,0,0,1,0,60,TCP,6,216.239.36.223,0,443,A,2026-03-22T12:49:28,122
778.59,225,132,192.168.0.107,1,62674,0,0,1,0,60,TCP,6,216.239.36.223,0,443,A,2026-03-22T12:49:28,122
776.35,226,133,192.168.0.107,1,62674,0,0,1,0,60,TCP,6,216.239.36.223,0,443,A,2026-03-22T12:49:28,122
774.12,227,134,192.168.0.107,1,62674,0,0,1,0,60,TCP,6,216.239.36.223,0,443,A,2026-03-22T12:49:28,122
771.93,228,135,192.168.0.107,1,62674,0,0,1,0,66,TCP,6,216.239.36.223,0,443,A,2026-03-22T12:49:28,122
769.75,229,136,192.168.0.107,1,62674,0,0,1,0,66,TCP,6,216.239.36.223,0,443,A,2026-03-22T12:49:28,122
767.57,230,137,192.168.0.107,1,62674,0,0,1,0,60,TCP,6,216.239.36.223,0,443,A,2026-03-22T12:49:28,122
765.38,231,2,208.103.161.1,0,443,1,0,1,0,55,TCP,6,192.168.0.107,1,60470,A,2026-03-22T12:49:28,128
763.21,232,2,192.168.0.107,1,60470,0,0,1,0,54,TCP,6,208.103.161.1,0,443,R,2026-03-22T12:49:28,57
761.19,186,138,192.168.0.107,1,62674,1,0,1,0,102,TCP,6,216.239.36.223,0,443,PA,2026-03-22T12:49:28,122
763.33,187,183,216.239.36.223,0,443,1,0,1,0,1466,TCP,6,192.168.0.107,1,62674,A,2026-03-22T12:49:28,128
765.46,188,184,216.239.36.223,0,443,1,0,1,0,1466,TCP,6,192.168.0.107,1,62674,A,2026-03-22T12:49:28,128
767.58,189,185,216.239.36.223,0,443,1,0,1,0,1466,TCP,6,192.168.0.107,1,62674,A,2026-03-22T12:49:28,128
769.68,190,186,216.239.36.223,0,443,1,0,1,0,1466,TCP,6,192.168.0.107,1,62674,A,2026-03-22T12:49:28,128
771.77,191,187,216.239.36.223,0,443,1,0,1,0,1466,TCP,6,192.168.0.107,1,62674,A,2026-03-22T12:49:28,128
773.85,192,188,216.239.36.223,0,443,1,0,1,0,1466,TCP,6,192.168.0.107,1,62674,A,2026-03-22T12:49:28,128
775.92,193,189,216.239.36.223,0,443,1,0,1,0,1466,TCP,6,192.168.0.107,1,62674,A,2026-03-22T12:49:28,128
777.97,194,190,216.239.36.223,0,443,1,0,1,0,1466,TCP,6,192.168.0.107,1,62674,A,2026-03-22T12:49:28,128
780.01,195,191,216.239.36.223,0,443,1,0,1,0,1466,TCP,6,192.168.0.107,1,62674,A,2026-03-22T12:49:28,128
782.04,196,192,216.239.36.223,0,443,1,0,1,0,1466,TCP,6,192.168.0.107,1,62674,A,2026-03-22T12:49:28,128
784.06,197,193,216.239.36.223,0,443,1,0,1,0,1466,TCP,6,192.168.0.107,1,62674,A,2026-03-22T12:49:28,128
784.49,198,194,216.239.36.223,0,443,1,0,1,0,928,TCP,6,192.168.0.107,1,62674,PA,2026-03-22T12:49:28,128
782.43,199,195,216.239.36.223,0,443,1,0,1,0,85,TCP,6,192.168.0.107,1,62674,PA,2026-03-22T12:49:28,128
784.43,200,196,216.239.36.223,0,443,1,0,1,0,1466,TCP,6,192.168.0.107,1,62674,A,2026-03-22T12:49:28,128
786.42,201,197,216.239.36.223,0,443,1,0,1,0,1466,TCP,6,192.168.0.107,1,62674,A,2026-03-22T12:49:28,128
788.4,202,198,216.239.36.223,0,443,1,0,1,0,1466,TCP,6,192.168.0.107,1,62674,A,2026-03-22T12:49:28,128
790.36,203,199,216.239.36.223,0,443,1,0,1,0,1466,TCP,6,192.168.0.107,1,62674,A,2026-03-22T12:49:28,128
792.31,204,200,216.239.36.223,0,443,1,0,1,0,1466,TCP,6,192.168.0.107,1,62674,A,2026-03-22T12:49:28,128
794.25,205,201,216.239.36.223,0,443,1,0,1,0,1466,TCP,6,192.168.0.107,1,62674,A,2026-03-22T12:49:28,128
796.18,206,202,216.239.36.223,0,443,1,0,1,0,1466,TCP,6,192.168.0.107,1,62674,A,2026-03-22T12:49:28,128
798.1,207,203,216.239.36.223,0,443,1,0,1,0,1466,TCP,6,192.168.0.107,1,62674,A,2026-03-22T12:49:28,128
800.01,208,204,216.239.36.223,0,443,1,0,1,0,1466,TCP,6,192.168.0.107,1,62674,A,2026-03-22T12:49:28,128
801.91,209,205,216.239.36.223,0,443,1,0,1,0,1466,TCP,6,192.168.0.107,1,62674,A,2026-03-22T12:49:28,128
803.8,210,206,216.239.36.223,0,443,1,0,1,0,1466,TCP,6,192.168.0.107,1,62674,A,2026-03-22T12:49:28,128
804.15,211,207,216.239.36.223,0,443,1,0,1,0,928,TCP,6,192.168.0.107,1,62674,PA,2026-03-22T12:49:28,128
802.12,212,208,216.239.36.223,0,443,1,0,1,0,85,TCP,6,192.168.0.107,1,62674,PA,2026-03-22T12:49:28,128
800.03,213,139,192.168.0.107,1,62674,0,0,1,0,60,TCP,6,216.239.36.223,0,443,A,2026-03-22T12:49:28,122
797.95,214,140,192.168.0.107,1,62674,0,0,1,0,60,TCP,6,216.239.36.223,0,443,A,2026-03-22T12:49:28,122
795.88,215,141,192.168.0.107,1,62674,0,0,1,0,60,TCP,6,216.239.36.223,0,443,A,2026-03-22T12:49:28,122
793.82,216,142,192.168.0.107,1,62674,0,0,1,0,60,TCP,6,216.239.36.223,0,443,A,2026-03-22T12:49:28,122
791.78,217,143,192.168.0.107,1,62674,0,0,1,0,60,TCP,6,216.239.36.223,0,443,A,2026-03-22T12:49:28,122
789.75,218,144,192.168.0.107,1,62674,0,0,1,0,60,TCP,6,216.239.36.223,0,443,A,2026-03-22T12:49:28,122
787.73,219,145,192.168.0.107,1,62674,0,0,1,0,60,TCP,6,216.239.36.223,0,443,A,2026-03-22T12:49:28,122
785.72,220,146,192.168.0.107,1,62674,0,0,1,0,60,TCP,6,216.239.36.223,0,443,A,2026-03-22T12:49:28,122
783.72,221,147,192.168.0.107,1,62674,0,0,1,0,60,TCP,6,216.239.36.223,0,443,A,2026-03-22T12:49:28,122
781.73,222,148,192.168.0.107,1,62674,0,0,1,0,60,TCP,6,216.239.36.223,0,443,A,2026-03-22T12:49:28,122
779.75,223,149,192.168.0.107,1,62674,0,0,1,0,60,TCP,6,216.239.36.223,0,443,A,2026-03-22T12:49:28,122
777.78,224,150,192.168.0.107,1,62674,0,0,1,0,60,TCP,6,216.239.36.223,0,443,A,2026-03-22T12:49:28,122
775.83,225,151,192.168.0.107,1,62674,0,0,1,0,60,TCP,6,216.239.36.223,0,443,A,2026-03-22T12:49:28,122
773.88,226,152,192.168.0.107,1,62674,0,0,1,0,60,TCP,6,216.239.36.223,0,443,A,2026-03-22T12:49:28,122
771.95,227,153,192.168.0.107,1,62674,0,0,1,0,60,TCP,6,216.239.36.223,0,443,A,2026-03-22T12:49:28,122
770.02,228,154,192.168.0.107,1,62674,0,0,1,0,60,TCP,6,216.239.36.223,0,443,A,2026-03-22T12:49:28,122
768.11,229,155,192.168.0.107,1,62674,0,0,1,0,60,TCP,6,216.239.36.223,0,443,A,2026-03-22T12:49:28,122
766.22,230,156,192.168.0.107,1,62674,0,0,1,0,66,TCP,6,216.239.36.223,0,443,A,2026-03-22T12:49:28,122
764.35,231,157,192.168.0.107,1,62674,0,0,1,0,66,TCP,6,216.239.36.223,0,443,A,2026-03-22T12:49:28,122
762.46,232,158,192.168.0.107,1,62674,0,0,1,0,60,TCP,6,216.239.36.223,0,443,A,2026-03-22T12:49:28,122
760.7,187,159,192.168.0.107,1,62674,1,0,1,0,102,TCP,6,216.239.36.223,0,443,PA,2026-03-22T12:49:28,122
762.58,188,209,216.239.36.223,0,443,1,0,1,0,1466,TCP,6,192.168.0.107,1,62674,A,2026-03-22T12:49:28,128
764.44,189,210,216.239.36.223,0,443,1,0,1,0,1466,TCP,6,192.168.0.107,1,62674,A,2026-03-22T12:49:28,128
766.3,190,211,216.239.36.223,0,443,1,0,1,0,1466,TCP,6,192.168.0.107,1,62674,A,2026-03-22T12:49:28,128
768.15,191,212,216.239.36.223,0,443,1,0,1,0,1466,TCP,6,192.168.0.107,1,62674,A,2026-03-22T12:49:28,128
769.98,192,213,216.239.36.223,0,443,1,0,1,0,1466,TCP,6,192.168.0.107,1,62674,A,2026-03-22T12:49:28,128
771.81,193,214,216.239.36.223,0,443,1,0,1,0,1466,TCP,6,192.168.0.107,1,62674,A,2026-03-22T12:49:28,128
773.63,194,215,216.239.36.223,0,443,1,0,1,0,1466,TCP,6,192.168.0.107,1,62674,A,2026-03-22T12:49:28,128
775.43,195,216,216.239.36.223,0,443,1,0,1,0,1466,TCP,6,192.168.0.107,1,62674,A,2026-03-22T12:49:28,128
777.23,196,217,216.239.36.223,0,443,1,0,1,0,1466,TCP,6,192.168.0.107,1,62674,A,2026-03-22T12:49:28,128
779.02,197,218,216.239.36.223,0,443,1,0,1,0,1466,TCP,6,192.168.0.107,1,62674,A,2026-03-22T12:49:28,128
780.8,198,219,216.239.36.223,0,443,1,0,1,0,1466,TCP,6,192.168.0.107,1,62674,A,2026-03-22T12:49:28,128
781.18,199,220,216.239.36.223,0,443,1,0,1,0,928,TCP,6,192.168.0.107,1,62674,PA,2026-03-22T12:49:28,128
779.39,200,221,216.239.36.223,0,443,1,0,1,0,85,TCP,6,192.168.0.107,1,62674,PA,2026-03-22T12:49:28,128
781.15,201,222,216.239.36.223,0,443,1,0,1,0,1466,TCP,6,192.168.0.107,1,62674,A,2026-03-22T12:49:28,128
782.91,202,223,216.239.36.223,0,443,1,0,1,0,1466,TCP,6,192.168.0.107,1,62674,A,2026-03-22T12:49:28,128
784.65,203,224,216.239.36.223,0,443,1,0,1,0,1466,TCP,6,192.168.0.107,1,62674,A,2026-03-22T12:49:28,128
786.39,204,225,216.239.36.223,0,443,1,0,1,0,1466,TCP,6,192.168.0.107,1,62674,A,2026-03-22T12:49:28,128
788.12,205,226,216.239.36.223,0,443,1,0,1,0,1466,TCP,6,192.168.0.107,1,62674,A,2026-03-22T12:49:28,128
789.84,206,227,216.239.36.223,0,443,1,0,1,0,1466,TCP,6,192.168.0.107,1,62674,A,2026-03-22T12:49:28,128
791.55,207,228,216.239.36.223,0,443,1,0,1,0,1466,TCP,6,192.168.0.107,1,62674,A,2026-03-22T12:49:28,128
793.26,208,229,216.239.36.223,0,443,1,0,1,0,1466,TCP,6,192.168.0.107,1,62674,A,2026-03-22T12:49:28,128
794.95,209,230,216.239.36.223,0,443,1,0,1,0,1466,TCP,6,192.168.0.107,1,62674,A,2026-03-22T12:49:28,128
796.64,210,231,216.239.36.223,0,443,1,0,1,0,1466,TCP,6,192.168.0.107,1,62674,A,2026-03-22T12:49:28,128
798.32,211,232,216.239.36.223,0,443,1,0,1,0,1466,TCP,6,192.168.0.107,1,62674,A,2026-03-22T12:49:28,128
798.64,212,233,216.239.36.223,0,443,1,0,1,0,928,TCP,6,192.168.0.107,1,62674,PA,2026-03-22T12:49:28,128
796.86,213,234,216.239.36.223,0,443,1,0,1,0,85,TCP,6,192.168.0.107,1,62674,PA,2026-03-22T12:49:28,128
795.03,214,160,192.168.0.107,1,62674,0,0,1,0,60,TCP,6,216.239.36.223,0,443,A,2026-03-22T12:49:28,122
793.2,215,161,192.168.0.107,1,62674,0,0,1,0,60,TCP,6,216.239.36.223,0,443,A,2026-03-22T12:49:28,122
791.39,216,162,192.168.0.107,1,62674,0,0,1,0,60,TCP,6,216.239.36.223,0,443,A,2026-03-22T12:49:28,122
789.58,217,163,192.168.0.107,1,62674,0,0,1,0,60,TCP,6,216.239.36.223,0,443,A,2026-03-22T12:49:28,122
787.79,218,164,192.168.0.107,1,62674,0,0,1,0,60,TCP,6,216.239.36.223,0,443,A,2026-03-22T12:49:28,122
786.0,219,165,192.168.0.107,1,62674,0,0,1,0,60,TCP,6,216.239.36.223,0,443,A,2026-03-22T12:49:28,122
784.23,220,166,192.168.0.107,1,62674,0,0,1,0,66,TCP,6,216.239.36.223,0,443,A,2026-03-22T12:49:28,122
782.48,221,167,192.168.0.107,1,62674,0,0,1,0,66,TCP,6,216.239.36.223,0,443,A,2026-03-22T12:49:28,122
780.71,222,168,192.168.0.107,1,62674,0,0,1,0,60,TCP,6,216.239.36.223,0,443,A,2026-03-22T12:49:28,122
778.96,223,169,192.168.0.107,1,62674,0,0,1,0,60,TCP,6,216.239.36.223,0,443,A,2026-03-22T12:49:28,122
777.22,224,170,192.168.0.107,1,62674,0,0,1,0,60,TCP,6,216.239.36.223,0,443,A,2026-03-22T12:49:28,122
775.48,225,171,192.168.0.107,1,62674,0,0,1,0,60,TCP,6,216.239.36.223,0,443,A,2026-03-22T12:49:28,122
773.75,226,172,192.168.0.107,1,62674,0,0,1,0,60,TCP,6,216.239.36.223,0,443,A,2026-03-22T12:49:28,122
772.03,227,173,192.168.0.107,1,62674,0,0,1,0,60,TCP,6,216.239.36.223,0,443,A,2026-03-22T12:49:28,122
770.32,228,174,192.168.0.107,1,62674,0,0,1,0,60,TCP,6,216.239.36.223,0,443,A,2026-03-22T12:49:28,122
768.63,229,175,192.168.0.107,1,62674,0,0,1,0,66,TCP,6,216.239.36.223,0,443,A,2026-03-22T12:49:28,122
766.95,230,176,192.168.0.107,1,62674,0,0,1,0,66,TCP,6,216.239.36.223,0,443,A,2026-03-22T12:49:28,122
765.26,231,177,192.168.0.107,1,62674,0,0,1,0,60,TCP,6,216.239.36.223,0,443,A,2026-03-22T12:49:28,122
763.57,232,3,208.103.161.1,0,443,1,0,1,0,55,TCP,6,192.168.0.107,1,32462,A,2026-03-22T12:49:28,128
761.89,233,3,192.168.0.107,1,32462,0,0,1,0,54,TCP,6,208.103.161.1,0,443,R,2026-03-22T12:49:28,57
760.32,189,178,192.168.0.107,1,62674,1,0,1,0,102,TCP,6,216.239.36.223,0,443,PA,2026-03-22T12:49:29,122
761.99,190,235,216.239.36.223,0,443,1,0,1,0,1466,TCP,6,192.168.0.107,1,62674,A,2026-03-22T12:49:29,128
763.65,191,236,216.239.36.223,0,443,1,0,1,0,1466,TCP,6,192.168.0.107,1,62674,A,2026-03-22T12:49:29,128
765.3,192,237,216.239.36.223,0,443,1,0,1,0,1466,TCP,6,192.168.0.107,1,62674,A,2026-03-22T12:49:29,128
766.95,193,238,216.239.36.223,0,443,1,0,1,0,1466,TCP,6,192.168.0.107,1,62674,A,2026-03-22T12:49:29,128
768.59,194,239,216.239.36.223,0,443,1,0,1,0,1466,TCP,6,192.168.0.107,1,62674,A,2026-03-22T12:49:29,128
770.21,195,240,216.239.36.223,0,443,1,0,1,0,1466,TCP,6,192.168.0.107,1,62674,A,2026-03-22T12:49:29,128
771.84,196,241,216.239.36.223,0,443,1,0,1,0,1466,TCP,6,192.168.0.107,1,62674,A,2026-03-22T12:49:29,128
773.45,197,242,216.239.36.223,0,443,1,0,1,0,1466,TCP,6,192.168.0.107,1,62674,A,2026-03-22T12:49:29,128
775.06,198,243,216.239.36.223,0,443,1,0,1,0,1466,TCP,6,192.168.0.107,1,62674,A,2026-03-22T12:49:29,128
776.66,199,244,216.239.36.223,0,443,1,0,1,0,1466,TCP,6,192.168.0.107,1,62674,A,2026-03-22T12:49:29,128
778.25,200,245,216.239.36.223,0,443,1,0,1,0,1466,TCP,6,192.168.0.107,1,62674,A,2026-03-22T12:49:29,128
778.59,201,246,216.239.36.223,0,443,1,0,1,0,928,TCP,6,192.168.0.107,1,62674,PA,2026-03-22T12:49:29,128
777.0,202,247,216.239.36.223,0,443,1,0,1,0,85,TCP,6,192.168.0.107,1,62674,PA,2026-03-22T12:49:29,128
778.58,203,248,216.239.36.223,0,443,1,0,1,0,1466,TCP,6,192.168.0.107,1,62674,A,2026-03-22T12:49:29,128
780.15,204,249,216.239.36.223,0,443,1,0,1,0,1466,TCP,6,192.168.0.107,1,62674,A,2026-03-22T12:49:29,128
781.72,205,250,216.239.36.223,0,443,1,0,1,0,1466,TCP,6,192.168.0.107,1,62674,A,2026-03-22T12:49:29,128
783.28,206,251,216.239.36.223,0,443,1,0,1,0,1466,TCP,6,192.168.0.107,1,62674,A,2026-03-22T12:49:29,128
784.83,207,252,216.239.36.223,0,443,1,0,1,0,1466,TCP,6,192.168.0.107,1,62674,A,2026-03-22T12:49:29,128
786.37,208,253,216.239.36.223,0,443,1,0,1,0,1466,TCP,6,192.168.0.107,1,62674,A,2026-03-22T12:49:29,128
787.91,209,254,216.239.36.223,0,443,1,0,1,0,1466,TCP,6,192.168.0.107,1,62674,A,2026-03-22T12:49:29,128
789.44,210,255,216.239.36.223,0,443,1,0,1,0,1466,TCP,6,192.168.0.107,1,62674,A,2026-03-22T12:49:29,128
790.97,211,256,216.239.36.223,0,443,1,0,1,0,1466,TCP,6,192.168.0.107,1,62674,A,2026-03-22T12:49:29,128
792.48,212,257,216.239.36.223,0,443,1,0,1,0,1466,TCP,6,192.168.0.107,1,62674,A,2026-03-22T12:49:29,128
793.99,213,258,216.239.36.223,0,443,1,0,1,0,1466,TCP,6,192.168.0.107,1,62674,A,2026-03-22T12:49:29,128
794.29,214,259,216.239.36.223,0,443,1,0,1,0,928,TCP,6,192.168.0.107,1,62674,PA,2026-03-22T12:49:29,128
792.71,215,260,216.239.36.223,0,443,1,0,1,0,85,TCP,6,192.168.0.107,1,62674,PA,2026-03-22T12:49:29,128
791.08,216,179,192.168.0.107,1,62674,0,0,1,0,60,TCP,6,216.239.36.223,0,443,A,2026-03-22T12:49:29,122
789.45,217,180,192.168.0.107,1,62674,0,0,1,0,60,TCP,6,216.239.36.223,0,443,A,2026-03-22T12:49:29,122
787.84,218,181,192.168.0.107,1,62674,0,0,1,0,60,TCP,6,216.239.36.223,0,443,A,2026-03-22T12:49:29,122
786.23,219,182,192.168.0.107,1,62674,0,0,1,0,60,TCP,6,216.239.36.223,0,443,A,2026-03-22T12:49:29,122
784.62,220,183,192.168.0.107,1,62674,0,0,1,0,60,TCP,6,216.239.36.223,0,443,A,2026-03-22T12:49:29,122
783.03,221,184,192.168.0.107,1,62674,0,0,1,0,60,TCP,6,216.239.36.223,0,443,A,2026-03-22T12:49:29,122
781.44,222,185,192.168.0.107,1,62674,0,0,1,0,60,TCP,6,216.239.36.223,0,443,A,2026-03-22T12:49:29,122
779.86,223,186,192.168.0.107,1,62674,0,0,1,0,60,TCP,6,216.239.36.223,0,443,A,2026-03-22T12:49:29,122
778.28,224,187,192.168.0.107,1,62674,0,0,1,0,60,TCP,6,216.239.36.223,0,443,A,2026-03-22T12:49:29,122
776.71,225,188,192.168.0.107,1,62674,0,0,1,0,60,TCP,6,216.239.36.223,0,443,A,2026-03-22T12:49:29,122
775.15,226,189,192.168.0.107,1,62674,0,0,1,0,60,TCP,6,216.239.36.223,0,443,A,2026-03-22T12:49:29,122
773.6,227,190,192.168.0.107,1,62674,0,0,1,0,60,TCP,6,216.239.36.223,0,443,A,2026-03-22T12:49:29,122
772.05,228,191,192.168.0.107,1,62674,0,0,1,0,60,TCP,6,216.239.36.223,0,443,A,2026-03-22T12:49:29,122
770.51,229,192,192.168.0.107,1,62674,0,0,1,0,60,TCP,6,216.239.36.223,0,443,A,2026-03-22T12:49:29,122
768.97,230,193,192.168.0.107,1,62674,0,0,1,0,60,TCP,6,216.239.36.223,0,443,A,2026-03-22T12:49:29,122
767.44,231,194,192.168.0.107,1,62674,0,0,1,0,60,TCP,6,216.239.36.223,0,443,A,2026-03-22T12:49:29,122
765.92,232,195,192.168.0.107,1,62674,0,0,1,0,60,TCP,6,216.239.36.223,0,443,A,2026-03-22T12:49:29,122
764.41,233,196,192.168.0.107,1,62674,0,0,1,0,60,TCP,6,216.239.36.223,0,443,A,2026-03-22T12:49:29,122
762.9,234,197,192.168.0.107,1,62674,0,0,1,0,60,TCP,6,216.239.36.223,0,443,A,2026-03-22T12:49:29,122
761.39,218,2,104.18.40.45,0,443,1,0,1,0,55,TCP,6,192.168.0.107,1,35935,A,2026-03-22T12:49:29,128
759.9,219,2,192.168.0.107,1,35935,0,0,1,0,66,TCP,6,104.18.40.45,0,443,A,2026-03-22T12:49:29,57
758.5,193,198,192.168.0.107,1,62674,1,0,1,0,102,TCP,6,216.239.36.223,0,443,PA,2026-03-22T12:49:29,122
760.01,194,261,216.239.36.223,0,443,1,0,1,0,1466,TCP,6,192.168.0.107,1,62674,A,2026-03-22T12:49:29,128
761.5,195,262,216.239.36.223,0,443,1,0,1,0,1466,TCP,6,192.168.0.107,1,62674,A,2026-03-22T12:49:29,128
762.99,196,263,216.239.36.223,0,443,1,0,1,0,1466,TCP,6,192.168.0.107,1,62674,A,2026-03-22T12:49:29,128
764.47,197,264,216.239.36.223,0,443,1,0,1,0,1466,TCP,6,192.168.0.107,1,62674,A,2026-03-22T12:49:29,128
765.95,198,265,216.239.36.223,0,443,1,0,1,0,1466,TCP,6,192.168.0.107,1,62674,A,2026-03-22T12:49:29,128
767.42,199,266,216.239.36.223,0,443,1,0,1,0,1466,TCP,6,192.168.0.107,1,62674,A,2026-03-22T12:49:29,128
768.89,200,267,216.239.36.223,0,443,1,0,1,0,1466,TCP,6,192.168.0.107,1,62674,A,2026-03-22T12:49:29,128
770.35,201,268,216.239.36.223,0,443,1,0,1,0,1466,TCP,6,192.168.0.107,1,62674,A,2026-03-22T12:49:29,128
771.8,202,269,216.239.36.223,0,443,1,0,1,0,1466,TCP,6,192.168.0.107,1,62674,A,2026-03-22T12:49:29,128
773.24,203,270,216.239.36.223,0,443,1,0,1,0,1466,TCP,6,192.168.0.107,1,62674,A,2026-03-22T12:49:29,128
774.68,204,271,216.239.36.223,0,443,1,0,1,0,1466,TCP,6,192.168.0.107,1,62674,A,2026-03-22T12:49:29,128
775.0,205,272,216.239.36.223,0,443,1,0,1,0,928,TCP,6,192.168.0.107,1,62674,PA,2026-03-22T12:49:29,128
773.57,206,273,216.239.36.223,0,443,1,0,1,0,85,TCP,6,192.168.0.107,1,62674,PA,2026-03-22T12:49:29,128
775.0,207,274,216.239.36.223,0,443,1,0,1,0,1466,TCP,6,192.168.0.107,1,62674,A,2026-03-22T12:49:29,128
776.43,208,275,216.239.36.223,0,443,1,0,1,0,1466,TCP,6,192.168.0.107,1,62674,A,2026-03-22T12:49:29,128
777.85,209,276,216.239.36.223,0,443,1,0,1,0,1466,TCP,6,192.168.0.107,1,62674,A,2026-03-22T12:49:29,128
779.26,210,277,216.239.36.223,0,443,1,0,1,0,1466,TCP,6,192.168.0.107,1,62674,A,2026-03-22T12:49:29,128
780.67,211,278,216.239.36.223,0,443,1,0,1,0,1466,TCP,6,192.168.0.107,1,62674,A,2026-03-22T12:49:29,128
782.07,212,279,216.239.36.223,0,443,1,0,1,0,1466,TCP,6,192.168.0.107,1,62674,A,2026-03-22T12:49:29,128
783.47,213,280,216.239.36.223,0,443,1,0,1,0,1466,TCP,6,192.168.0.107,1,62674,A,2026-03-22T12:49:29,128
784.86,214,281,216.239.36.223,0,443,1,0,1,0,1466,TCP,6,192.168.0.107,1,62674,A,2026-03-22T12:49:29,128
786.24,215,282,216.239.36.223,0,443,1,0,1,0,1466,TCP,6,192.168.0.107,1,62674,A,2026-03-22T12:49:29,128
787.62,216,283,216.239.36.223,0,443,1,0,1,0,1466,TCP,6,192.168.0.107,1,62674,A,2026-03-22T12:49:29,128
788.99,217,284,216.239.36.223,0,443,1,0,1,0,1466,TCP,6,192.168.0.107,1,62674,A,2026-03-22T12:49:29,128
789.27,218,285,216.239.36.223,0,443,1,0,1,0,928,TCP,6,192.168.0.107,1,62674,PA,2026-03-22T12:49:29,128
787.85,219,286,216.239.36.223,0,443,1,0,1,0,85,TCP,6,192.168.0.107,1,62674,PA,2026-03-22T12:49:29,128
786.39,220,199,192.168.0.107,1,62674,0,0,1,0,60,TCP,6,216.239.36.223,0,443,A,2026-03-22T12:49:29,122
784.93,221,200,192.168.0.107,1,62674,0,0,1,0,60,TCP,6,216.239.36.223,0,443,A,2026-03-22T12:49:29,122
783.48,222,201,192.168.0.107,1,62674,0,0,1,0,60,TCP,6,216.239.36.223,0,443,A,2026-03-22T12:49:29,122
782.03,223,202,192.168.0.107,1,62674,0,0,1,0,60,TCP,6,216.239.36.223,0,443,A,2026-03-22T12:49:29,122
